Tarih;Hft;T1;T2;T3;T4;T5;T6
06/10/2026;120;7;14;20;43;46;56
04/10/2026;119;9;17;31;34;51;55
01/10/2026;118;14;15;34;38;50;56
29/09/2026;117;2;25;42;45;53;54
27/09/2026;116;16;26;44;46;57;59
24/09/2026;115;3;6;17;18;20;39
22/09/2026;114;3;15;43;48;50;52
20/09/2026;113;14;16;43;54;55;56
17/09/2026;112;10;16;30;38;50;59
15/09/2026;111;2;23;33;43;44;47
13/09/2026;110;7;23;42;45;47;59
10/09/2026;109;17;28;31;44;48;53
08/09/2026;108;2;12;37;52;59;60
06/09/2026;107;27;30;31;41;43;57
03/09/2026;106;3;15;20;23;30;60
01/09/2026;105;28;30;40;42;47;59
30/08/2026;104;6;16;25;30;33;46
27/08/2026;103;15;26;27;41;49;52
25/08/2026;102;13;19;29;31;34;53
23/08/2026;101;13;25;26;34;35;38
20/08/2026;100;8;21;25;46;48;57
18/08/2026;99;16;28;45;49;52;54
16/08/2026;98;8;20;38;45;49;50
13/08/2026;97;18;24;32;34;52;60
11/08/2026;96;7;16;22;39;40;60
09/08/2026;95;10;27;31;32;39;54
06/08/2026;94;24;27;38;41;49;50
04/08/2026;93;16;23;24;42;46;57
02/08/2026;92;1;4;7;16;30;60
30/07/2026;91;1;25;28;41;55;56
28/07/2026;90;3;6;24;50;51;53
26/07/2026;89;6;9;22;27;41;46
23/07/2026;88;2;11;43;47;48;58
21/07/2026;87;2;13;30;52;58;60
19/07/2026;86;11;32;33;47;53;59
16/07/2026;85;6;26;30;33;38;46
14/07/2026;84;7;8;13;27;37;55
12/07/2026;83;14;15;20;30;36;44
09/07/2026;82;3;16;35;44;50;57
07/07/2026;81;4;26;30;38;51;53
05/07/2026;80;40;41;46;52;57;60
02/07/2026;79;6;32;37;38;40;57
30/06/2026;78;6;8;15;18;19;29
28/06/2026;77;3;6;12;14;23;47
25/06/2026;76;5;11;31;46;51;56
23/06/2026;75;4;29;30;31;37;39
21/06/2026;74;5;6;24;37;43;48
18/06/2026;73;3;27;29;33;34;58
16/06/2026;72;8;14;23;32;58;60
14/06/2026;71;3;26;27;32;44;46
11/06/2026;70;15;19;30;38;57;60
09/06/2026;69;10;11;35;38;41;57
07/06/2026;68;2;8;21;24;36;47
04/06/2026;67;4;6;7;10;20;28
02/06/2026;66;15;18;20;31;43;56
31/05/2026;65;2;4;13;16;48;58
28/05/2026;64;12;21;23;45;49;55
26/05/2026;63;9;17;38;47;54;58
24/05/2026;62;19;22;28;30;44;46
21/05/2026;61;7;21;23;25;37;51
19/05/2026;60;3;23;27;47;50;53
17/05/2026;59;4;9;11;19;24;26
14/05/2026;58;13;18;35;45;46;50
12/05/2026;57;2;19;28;30;31;37
10/05/2026;56;1;8;31;38;40;56
07/05/2026;55;1;11;20;33;35;47
05/05/2026;54;14;20;31;35;38;39
03/05/2026;53;1;13;19;27;42;56
30/04/2026;52;25;35;39;41;54;56
28/04/2026;51;2;14;22;34;48;59
26/04/2026;50;6;36;38;44;49;53
23/04/2026;49;9;26;30;39;41;45
21/04/2026;48;8;31;35;36;49;55
19/04/2026;47;1;11;26;49;55;59
16/04/2026;46;15;20;29;51;56;57
14/04/2026;45;13;19;21;30;42;43
12/04/2026;44;11;19;23;27;28;39
09/04/2026;43;6;18;33;40;50;58
07/04/2026;42;10;29;36;42;46;52
05/04/2026;41;1;3;14;19;48;56
02/04/2026;40;6;11;22;36;37;53
31/03/2026;39;2;16;35;51;52;56
29/03/2026;38;1;17;28;30;32;42
26/03/2026;37;7;14;17;25;42;49
24/03/2026;36;7;9;20;22;28;39
22/03/2026;35;8;9;20;30;33;55
19/03/2026;34;18;21;34;43;47;50
17/03/2026;33;1;6;7;19;31;44
15/03/2026;32;5;12;21;28;35;42
12/03/2026;31;3;22;38;41;44;50
10/03/2026;30;7;9;14;36;52;55
08/03/2026;29;11;41;43;44;51;57
05/03/2026;28;3;11;16;25;37;41
03/01/2026;27;17;18;21;27;37;51
01/03/2026;26;3;14;27;32;43;44
26/02/2026;25;3;19;26;37;44;57
24/02/2026;24;6;19;31;39;47;51
22/02/2026;23;14;16;30;42;46;55
19/02/2026;22;6;8;43;49;58;60
17/02/2026;21;2;14;31;38;47;54
15/02/2026;20;9;16;31;34;40;58
12/02/2026;19;3;5;10;22;23;52
10/02/2026;18;9;29;36;46;47;52
08/02/2026;17;8;18;21;29;36;38
05/02/2026;16;14;24;34;42;51;60
03/02/2026;15;21;33;43;47;55;59
01/02/2026;14;7;17;21;25;32;52
29/01/2026;13;1;4;7;8;11;41
27/01/2026;12;1;7;16;34;38;42
25/01/2026;11;12;20;23;38;49;50
22/01/2026;10;1;2;36;42;49;55
20/01/2026;9;6;26;32;43;48;54
18/01/2026;8;9;24;25;33;44;52
15/01/2026;7;1;22;27;41;44;46
13/01/2026;6;7;19;23;32;48;55
11/01/2026;5;3;8;10;12;32;42
08/01/2026;4;3;7;12;22;23;55
06/01/2026;3;6;9;25;29;45;57
04/01/2026;2;20;21;23;26;32;37
01/01/2026;1;34;36;39;45;53;55
30/12/2025;156;6;34;35;36;56;57
28/12/2025;155;6;31;35;41;44;46
25/12/2025;154;2;7;19;21;23;59
23/12/2025;153;13;20;33;35;40;48
21/12/2025;152;9;11;12;21;32;34
18/12/2025;151;4;7;31;35;40;52
16/12/2025;150;5;9;32;35;55;56
14/12/2025;149;2;9;27;30;36;55
11/12/2025;148;1;8;29;39;41;50
09/12/2025;147;17;28;32;36;38;51
01/12/2025;146;19;33;37;39;56;57
04/12/2025;145;9;11;18;35;49;50
02/12/2025;144;2;9;16;19;29;52
30/11/2025;143;9;12;22;34;43;56
27/11/2025;142;5;7;8;28;47;58
25/11/2025;141;2;15;28;39;48;50
25/11/2025;140;12;19;41;51;54;59
20/11/2025;139;2;27;34;37;48;60
18/11/2025;138;1;9;16;30;45;54
16/11/2025;137;6;9;16;20;26;46
13/11/2025;136;9;13;18;25;29;58
11/11/2025;135;7;12;14;15;17;40
09/11/2025;134;18;26;34;48;49;56
06/11/2025;133;2;16;20;31;39;55
04/11/2025;132;10;11;26;46;54;60
02/11/2025;131;15;17;20;39;44;47
30/10/2025;130;1;6;35;54;56;59
28/10/2025;129;10;22;39;41;48;49
26/10/2025;128;18;22;26;44;53;55
23/10/2025;127;14;23;36;45;47;48
21/10/2025;126;2;3;11;25;51;52
19/10/2025;125;13;20;32;35;37;41
16/10/2025;124;1;20;22;39;52;57
14/10/2025;123;3;23;28;39;44;57
12/10/2025;122;2;33;41;54;58;60
09/10/2025;121;4;8;15;30;43;47
07/10/2025;120;1;8;16;20;22;41
05/10/2025;119;1;3;9;25;37;44
02/10/2025;118;2;14;21;25;42;60
30/09/2025;117;15;19;23;25;38;53
28/09/2025;116;10;14;31;35;55;57
25/09/2025;115;1;7;10;26;33;35
23/09/2025;114;1;9;19;34;39;50
21/09/2025;113;4;5;23;42;48;51
18/09/2025;112;2;5;42;55;56;58
16/09/2025;111;23;24;31;35;43;59
14/09/2025;110;5;38;40;50;56;60
11/09/2025;109;5;6;8;20;23;43
09/09/2025;108;28;48;57;58;59;60
07/09/2025;107;11;22;34;43;53;59
04/09/2025;106;15;23;24;25;47;57
02/09/2025;105;25;27;30;31;44;45
31/08/2025;104;2;27;32;42;46;57
28/08/2025;103;3;8;17;53;55;56
26/08/2025;102;6;23;26;43;59;60
24/08/2025;101;12;19;27;40;49;57
21/08/2025;100;9;10;11;15;50;52
19/08/2025;99;25;29;31;34;37;52
17/08/2025;98;7;10;23;41;52;57
14/08/2025;97;4;7;30;39;44;58
12/08/2025;96;8;17;18;39;52;59
10/08/2025;95;2;30;36;39;40;49
07/08/2025;94;7;31;35;39;40;44
05/08/2025;93;15;25;34;40;46;47
03/08/2025;92;2;11;13;17;19;60
31/07/2025;91;7;27;41;47;51;60
29/07/2025;90;3;14;19;27;34;57
27/07/2025;89;20;26;28;43;47;56
24/07/2025;88;10;13;15;27;29;46
22/07/2025;87;5;10;11;18;24;46
20/07/2025;86;1;8;14;19;36;60
17/07/2025;85;5;6;9;24;32;54
15/07/2025;84;4;12;26;28;37;43
13/07/2025;83;4;6;7;12;14;32
10/07/2025;82;11;25;26;43;44;57
08/07/2025;81;11;16;17;19;34;36
06/07/2025;80;4;14;23;27;35;57
03/07/2025;79;1;13;22;38;56;57
01/07/2025;78;14;23;39;40;45;49
29/06/2025;77;12;13;17;20;33;45
26/06/2025;76;8;12;27;36;43;53
24/06/2025;75;10;18;27;28;29;30
22/06/2025;74;5;19;20;35;51;52
19/06/2025;73;9;25;29;31;35;46
17/06/2025;72;11;12;21;52;53;54
15/06/2025;71;7;22;31;39;48;56
12/06/2025;70;16;19;25;37;43;57
10/06/2025;69;6;8;23;27;46;60
08/06/2025;68;2;14;34;41;51;57
05/06/2025;67;22;32;37;38;49;50
03/06/2025;66;4;12;23;48;50;51
01/06/2025;65;6;12;20;22;30;47
29/05/2025;64;12;16;24;32;40;55
27/05/2025;63;5;18;19;53;57;58
25/05/2025;62;6;8;12;17;22;58
22/05/2025;61;12;27;31;34;40;55
20/05/2025;60;4;15;28;50;53;59
18/05/2025;59;1;13;25;44;46;60
15/05/2025;58;22;28;33;37;39;52
13/05/2025;57;1;10;15;21;35;55
11/05/2025;56;5;19;33;37;43;47
08/05/2025;55;7;32;45;50;56;58
06/05/2025;54;2;16;25;30;31;47
04/05/2025;53;1;4;18;26;35;44
01/05/2025;52;1;26;34;35;39;45
29/04/2025;51;28;32;35;47;54;58
27/04/2025;50;2;23;29;45;50;59
24/04/2025;49;9;21;33;37;39;56
22/04/2025;48;19;27;34;40;48;54
20/04/2025;47;10;12;32;36;44;58
17/04/2025;46;4;6;7;18;21;38
15/04/2025;45;9;15;37;43;44;57
13/04/2025;44;5;25;26;29;39;47
10/04/2025;43;2;3;19;30;40;55
08/04/2025;42;7;13;15;21;22;24
06/04/2025;41;15;18;28;53;55;60
03/04/2025;40;5;21;24;26;33;57
01/04/2025;39;2;22;26;31;35;50
30/03/2025;38;5;25;31;43;48;56
27/03/2025;37;15;20;22;41;48;51
25/03/2025;36;3;17;20;29;46;50
23/03/2025;35;12;14;18;36;44;50
20/03/2025;34;1;20;28;42;47;49
18/03/2025;33;11;35;43;46;57;60
16/03/2025;32;2;19;44;47;58;59
13/03/2025;31;1;2;3;19;33;39
11/03/2025;30;4;6;8;27;35;43
09/03/2025;29;6;13;24;26;29;38
06/03/2025;28;14;23;24;26;45;47
04/03/2025;27;2;14;36;37;52;59
02/03/2025;26;6;17;31;43;48;55
27/02/2025;25;2;13;43;48;50;53
25/02/2025;24;3;4;36;40;46;58
23/02/2025;23;3;9;15;37;54;58
20/02/2025;22;2;3;7;23;36;43
18/02/2025;21;2;25;37;44;48;54
16/02/2025;20;10;13;18;19;28;30
13/02/2025;19;15;23;42;46;47;48
11/02/2025;18;8;24;33;45;47;51
09/02/2025;17;3;5;17;26;30;49
06/02/2025;16;5;11;32;34;43;53
04/02/2025;15;4;8;10;20;44;57
02/02/2025;14;19;20;24;25;33;53
30/01/2025;13;5;21;23;41;42;58
28/01/2025;12;2;3;4;9;18;19
26/01/2025;11;2;3;4;15;38;51
23/01/2025;10;1;4;8;10;42;55
21/01/2025;9;13;30;39;42;44;46
19/01/2025;8;1;15;18;19;41;52
16/01/2025;7;33;38;46;50;55;58
14/01/2025;6;3;4;11;42;45;56
12/01/2025;5;2;4;19;21;39;53
09/01/2025;4;4;7;11;13;25;48
07/01/2025;3;2;21;26;43;44;55
05/01/2025;2;11;15;20;29;35;56
02/01/2025;1;8;36;38;42;53;56
31/12/2024;157;14;22;33;49;52;57
29/12/2024;156;1;3;4;26;51;58
26/12/2024;155;3;5;15;19;25;41
24/12/2024;154;19;35;48;55;58;59
22/12/2024;153;10;14;33;44;51;54
19/12/2024;152;20;21;26;32;53;58
17/12/2024;151;17;28;29;40;41;55
15/12/2024;150;7;43;44;47;55;60
12/12/2024;149;18;20;21;46;56;58
10/12/2024;148;12;13;20;30;47;54
08/12/2024;147;10;14;22;24;29;60
05/12/2024;146;3;4;13;15;20;35
03/12/2024;145;2;16;25;36;40;51
01/12/2024;144;1;15;23;30;34;39
28/11/2024;143;5;6;26;38;49;53
26/11/2024;142;2;5;6;50;56;59
24/11/2024;141;2;6;11;12;38;45
21/11/2024;140;2;3;6;32;49;53
19/11/2024;139;14;27;30;43;47;58
17/11/2024;138;14;21;36;38;43;50
14/11/2024;137;3;16;17;48;49;57
12/11/2024;136;13;18;22;24;34;60
10/11/2024;135;1;8;10;11;43;57
07/11/2024;134;21;25;26;36;46;54
05/11/2024;133;12;28;39;47;55;56
03/11/2024;132;4;16;31;33;35;45
31/10/2024;131;2;34;35;38;50;55
29/10/2024;130;3;6;7;22;34;57
27/10/2024;129;16;36;37;45;59;60
24/10/2024;128;1;3;15;27;47;52
22/10/2024;127;12;15;18;36;38;56
20/10/2024;126;3;9;10;15;35;38
17/10/2024;125;2;3;8;26;42;46
15/10/2024;124;3;4;14;24;25;47
13/10/2024;123;9;35;36;41;45;50
10/10/2024;122;1;8;30;41;44;46
08/10/2024;121;6;18;19;40;45;56
06/10/2024;120;7;12;22;28;31;39
03/10/2024;119;4;9;26;29;45;49
01/10/2024;118;6;21;29;39;44;57
29/09/2024;117;7;34;41;43;48;49
26/09/2024;116;21;22;30;37;38;60
24/09/2024;115;5;32;40;44;49;60
22/09/2024;114;7;9;18;39;40;50
19/09/2024;113;1;7;37;40;42;59
17/09/2024;112;4;5;16;28;37;60
15/09/2024;111;4;15;17;26;36;53
12/09/2024;110;1;11;19;29;45;52
10/09/2024;109;6;11;31;32;44;58
08/09/2024;108;11;22;33;34;47;56
05/09/2024;107;1;6;21;29;33;42
03/09/2024;106;2;3;29;45;46;53
01/09/2024;105;8;17;25;35;51;53
29/08/2024;104;8;15;30;37;45;51
27/08/2024;103;3;28;34;45;46;58
25/08/2024;102;5;6;8;32;44;50
22/08/2024;101;11;14;30;31;40;52
20/08/2024;100;3;5;7;12;46;48
18/08/2024;99;1;10;20;24;46;54
15/08/2024;98;21;22;41;50;59;60
13/08/2024;97;10;30;36;51;56;58
11/08/2024;96;5;8;22;49;54;57
08/08/2024;95;15;19;26;32;47;55
06/08/2024;94;9;36;38;39;53;56
04/08/2024;93;10;14;33;37;42;46
01/08/2024;92;15;17;25;31;33;58
30/07/2024;91;3;15;20;25;42;51
28/07/2024;90;33;34;37;41;43;58
25/07/2024;89;12;17;21;30;31;32
23/07/2024;88;3;26;32;40;46;53
21/07/2024;87;6;23;32;40;49;51
18/07/2024;86;6;16;22;52;53;55
16/07/2024;85;23;27;28;35;42;45
14/07/2024;84;4;5;6;12;49;50
11/07/2024;83;3;21;28;45;53;55
09/07/2024;82;2;10;16;22;35;55
07/07/2024;81;20;29;49;52;55;58
04/07/2024;80;1;16;27;29;36;45
02/07/2024;79;1;11;13;16;31;44
30/06/2024;78;39;49;52;53;54;56
27/06/2024;77;14;31;33;41;54;57
25/06/2024;76;6;13;17;27;37;49
23/06/2024;75;11;19;28;34;44;56
20/06/2024;74;7;10;44;46;55;60
18/06/2024;73;12;15;18;34;51;54
16/06/2024;72;2;3;6;7;23;52
13/06/2024;71;7;15;17;21;39;53
11/06/2024;70;2;11;16;18;25;54
09/06/2024;69;12;20;31;37;50;56
06/06/2024;68;11;12;26;31;45;51
04/06/2024;67;21;25;27;29;39;51
02/06/2024;66;23;24;28;48;52;55
30/05/2024;65;9;15;22;29;33;39
28/05/2024;64;6;9;38;41;54;59
26/05/2024;63;18;23;24;28;40;59
23/05/2024;62;11;15;26;31;55;56
21/05/2024;61;6;30;33;38;58;59
19/05/2024;60;11;15;24;27;35;44
16/05/2024;59;4;8;27;32;42;49
14/05/2024;58;5;17;27;32;33;41
12/05/2024;57;4;9;24;41;44;55
09/05/2024;56;14;19;33;34;50;59
07/05/2024;55;20;31;37;42;47;55
05/05/2024;54;22;24;26;27;30;59
02/05/2024;53;10;17;34;37;40;52
30/04/2024;52;6;10;21;33;39;50
28/04/2024;51;4;6;9;10;37;43
25/04/2024;50;8;25;31;32;36;42
23/04/2024;49;4;5;22;31;32;42
21/04/2024;48;6;21;24;33;43;52
18/04/2024;47;10;23;37;46;54;57
16/04/2024;46;6;14;17;18;30;45
14/04/2024;45;10;31;38;43;51;56
11/04/2024;44;4;16;19;20;28;34
09/04/2024;43;5;6;18;20;44;48
07/04/2024;42;7;11;20;28;36;37
04/04/2024;41;8;31;35;46;56;59
02/04/2024;40;8;11;18;27;28;40
31/03/2024;39;11;12;28;38;39;54
28/03/2024;38;17;40;46;48;53;54
26/03/2024;37;13;18;22;27;45;48
24/03/2024;36;2;17;27;38;53;59
21/03/2024;35;2;20;29;34;43;52
19/03/2024;34;2;27;35;49;52;53
17/03/2024;33;8;9;24;28;45;49
14/03/2024;32;6;30;31;40;47;60
12/03/2024;31;7;15;22;24;47;50
10/03/2024;30;20;31;32;46;55;58
07/03/2024;29;6;11;17;27;51;54
05/03/2024;28;16;42;43;46;50;55
03/03/2024;27;14;29;33;42;47;52
29/02/2024;26;7;20;37;40;41;46
27/02/2024;25;7;8;34;36;39;40
25/02/2024;24;2;32;40;44;54;58
22/02/2024;23;5;13;23;25;45;46
20/02/2024;22;4;11;30;46;48;54
18/02/2024;21;1;2;21;42;52;58
15/02/2024;20;4;5;20;28;32;41
13/02/2024;19;1;9;11;26;32;44
11/02/2024;18;13;16;19;20;43;51
08/02/2024;17;4;6;35;43;54;60
06/02/2024;16;4;15;31;42;51;60
04/02/2024;15;10;20;31;53;57;59
01/02/2024;14;8;13;35;55;56;58
30/01/2024;13;2;13;14;20;57;58
28/01/2024;12;10;27;33;49;52;53
25/01/2024;11;32;40;41;46;55;56
23/01/2024;10;15;42;43;50;56;60
21/01/2024;9;4;11;19;26;39;57
18/01/2024;8;6;14;39;40;45;59
16/01/2024;7;7;9;22;27;37;55
14/01/2024;6;20;27;28;31;34;50
11/01/2024;5;4;19;29;33;36;46
09/01/2024;4;2;4;6;52;54;56
07/01/2024;3;3;11;22;24;54;56
04/01/2024;2;7;32;42;49;53;55
02/01/2024;1;17;31;51;55;58;59
30/12/2023;157;30;32;43;44;58;60
28/12/2023;156;12;16;39;50;55;58
26/12/2023;155;4;7;41;47;50;55
24/12/2023;154;1;10;25;44;55;57
21/12/2023;153;1;19;20;21;49;60
19/12/2023;152;2;23;26;36;39;52
17/12/2023;151;15;26;27;34;55;60
14/12/2023;150;22;24;28;54;58;60
12/12/2023;149;1;3;39;49;54;57
10/12/2023;148;6;13;18;35;44;50
07/12/2023;147;8;14;25;36;47;57
05/12/2023;146;4;15;17;28;34;43
03/12/2023;145;7;8;21;35;43;49
30/11/2023;144;34;40;42;52;57;58
28/11/2023;143;29;41;42;44;45;46
26/11/2023;142;2;22;29;36;45;58
23/11/2023;141;5;7;18;25;39;50
21/11/2023;140;3;12;33;53;57;58
19/11/2023;139;13;21;33;44;46;50
16/11/2023;138;2;9;11;17;38;42
14/11/2023;137;3;17;37;39;48;55
12/11/2023;136;2;7;23;44;50;60
09/11/2023;135;15;25;28;40;53;58
07/11/2023;134;16;24;36;41;45;51
05/11/2023;133;6;13;26;50;55;60
02/11/2023;132;4;29;38;56;58;59
31/10/2023;131;8;12;13;17;41;48
29/10/2023;130;7;12;20;25;48;48
26/10/2023;129;1;31;40;42;45;56
24/10/2023;128;7;10;23;27;46;58
22/10/2023;127;6;7;14;37;49;57
19/10/2023;126;2;9;11;15;35;51
17/10/2023;125;4;7;12;18;23;24
15/10/2023;124;20;22;27;42;46;56
12/10/2023;123;9;22;31;33;49;52
10/10/2023;122;6;20;24;26;27;43
08/10/2023;121;3;6;19;37;48;57
05/10/2023;120;2;3;18;22;30;55
03/10/2023;119;8;11;18;34;51;58
01/10/2023;118;6;11;18;25;45;60
28/09/2023;117;2;7;9;10;17;49
26/09/2023;116;4;5;11;13;40;60
24/09/2023;115;5;9;28;35;44;58
21/09/2023;114;4;6;15;41;49;52
19/09/2023;113;4;8;15;43;47;48
17/09/2023;112;4;19;25;34;35;46
14/09/2023;111;27;29;37;39;43;60
12/09/2023;110;6;16;20;32;43;52
10/09/2023;109;16;32;38;51;55;60
07/09/2023;108;6;11;24;31;36;53
05/09/2023;107;13;17;27;30;44;49
03/09/2023;106;1;21;37;38;40;49
31/08/2023;105;6;10;21;24;53;59
29/08/2023;104;5;7;10;14;15;56
27/08/2023;103;5;6;43;46;54;58
24/08/2023;102;6;12;25;30;38;40
22/08/2023;101;4;5;12;21;39;48
20/08/2023;100;12;18;39;48;54;59
17/08/2023;99;5;10;19;25;33;35
15/08/2023;98;12;21;34;48;49;50
13/08/2023;97;6;10;28;38;40;52
10/08/2023;96;6;14;43;44;45;56
08/08/2023;95;1;2;3;16;21;30
06/08/2023;94;5;6;25;34;55;60
03/08/2023;93;4;10;16;20;40;51
01/08/2023;92;7;9;10;16;21;50
30/07/2023;91;11;17;28;33;40;57
27/07/2023;90;3;11;12;14;26;41
25/07/2023;89;7;17;49;53;54;56
23/07/2023;88;11;13;38;39;42;44
20/07/2023;87;14;23;24;34;37;56
18/07/2023;86;8;19;23;29;30;50
16/07/2023;85;10;33;39;51;54;55
13/07/2023;84;1;17;32;48;52;58
11/07/2023;83;3;17;31;33;44;49
09/07/2023;82;2;22;35;37;42;55
06/07/2023;81;18;32;40;41;42;45
04/07/2023;80;5;6;11;20;58;60
02/07/2023;79;2;7;8;24;28;56
29/06/2023;78;26;33;43;48;56;60
27/06/2023;77;3;4;20;30;35;40
25/06/2023;76;1;8;9;20;26;60
22/06/2023;75;22;25;33;47;53;55
20/06/2023;74;29;34;41;42;56;57
18/06/2023;73;6;8;16;32;34;40
15/06/2023;72;3;4;16;28;51;57
13/06/2023;71;20;29;33;42;44;49
11/06/2023;70;8;16;19;36;51;57
08/06/2023;69;5;6;20;43;53;56
06/06/2023;68;18;19;25;33;42;54
04/06/2023;67;24;27;40;41;44;45
01/06/2023;66;5;7;17;18;19;56
30/05/2023;65;2;6;7;10;31;47
28/05/2023;64;9;24;28;38;41;51
25/05/2023;63;1;17;38;41;52;57
13/05/2023;62;1;19;21;37;41;51
21/05/2023;61;10;29;45;49;56;57
18/05/2023;60;7;17;20;30;35;39
16/05/2023;59;16;22;32;34;47;48
14/05/2023;58;4;7;15;39;56;60
11/05/2023;57;4;9;29;43;47;53
09/05/2023;56;2;14;28;34;58;60
07/05/2023;55;11;14;21;28;54;58
04/05/2023;54;9;30;46;47;51;57
02/05/2023;53;29;34;41;52;53;57
30/04/2023;52;1;8;37;38;41;53
27/04/2023;51;11;15;17;32;33;52
25/04/2023;50;1;5;19;34;43;56
23/04/2023;49;1;8;9;21;22;31
20/04/2023;48;4;11;15;28;29;55
18/04/2023;47;8;30;36;37;57;58
16/04/2023;46;1;23;40;50;53;56
13/04/2023;45;2;6;8;20;57;59
11/04/2023;44;8;10;13;33;36;40
09/04/2023;43;21;24;28;33;34;49
06/04/2023;42;2;18;25;27;48;58
04/04/2023;41;2;6;16;39;40;57
02/04/2023;40;13;21;26;30;54;55
30/03/2023;39;1;25;33;35;53;56
28/03/2023;38;16;25;32;33;38;44
26/03/2023;37;7;9;40;43;49;57
23/03/2023;36;8;11;21;43;45;59
21/03/2023;35;11;17;19;29;45;55
19/03/2023;34;1;6;17;25;32;53
16/03/2023;33;4;5;23;26;40;56
14/03/2023;32;12;19;35;36;55;57
12/03/2023;31;2;31;34;35;45;60
09/03/2023;30;6;16;41;44;57;60
07/03/2023;29;1;7;27;31;37;38
05/03/2023;28;7;9;21;37;52;53
02/03/2023;27;8;38;40;46;49;56
28/02/2023;26;6;10;12;19;35;47
26/02/2023;25;8;19;25;31;38;60
23/02/2023;24;11;16;20;26;45;57
21/02/2023;23;9;15;16;38;45;46
19/02/2023;22;1;18;22;53;56;59
16/02/2023;21;3;17;38;44;45;51
14/02/2023;20;3;6;19;24;40;52
12/02/2023;19;18;23;25;30;46;49
09/02/2023;18;2;28;49;51;56;60
07/02/2023;17;2;9;21;34;43;47
05/02/2023;16;6;28;30;37;38;53
02/02/2023;15;20;21;32;39;46;59
31/01/2023;14;20;34;42;44;47;49
29/01/2023;13;7;9;10;14;35;60
26/01/2023;12;3;5;8;50;52;59
24/01/2023;11;1;6;16;35;56;59
22/01/2023;10;7;8;9;30;31;56
19/01/2023;9;2;27;30;43;46;58
17/01/2023;8;4;25;33;37;41;45
15/01/2023;7;2;12;18;24;43;52
12/01/2023;6;13;15;21;24;32;45
10/01/2023;5;15;24;29;30;44;49
08/01/2023;4;8;10;21;44;51;54
05/01/2023;3;5;15;17;43;48;53
03/01/2023;2;3;4;29;30;45;51
01/01/2023;1;3;18;26;31;41;43
29/12/2022;156;3;5;12;45;48;58
27/12/2022;155;3;6;11;30;45;60
25/12/2022;154;1;8;21;23;31;43
22/12/2022;153;21;37;39;50;58;60
20/12/2022;152;12;18;21;29;51;53
18/12/2022;151;12;18;23;25;35;48
15/12/2022;150;1;3;10;18;45;60
13/12/2022;149;4;21;30;38;49;57
11/12/2022;148;2;6;14;16;42;59
08/12/2022;147;3;26;44;49;54;59
06/12/2022;146;8;24;27;31;42;44
04/12/2022;145;9;21;32;37;46;51
01/12/2022;144;3;5;35;57;58;60
29/11/2022;143;9;24;26;31;50;60
27/11/2022;142;3;12;16;48;49;60
24/11/2022;141;6;10;17;23;54;57
22/11/2022;140;2;32;37;38;50;58
20/11/2022;139;6;17;35;37;43;53
17/11/2022;138;5;22;26;35;43;46
15/11/2022;137;21;24;35;46;52;53
13/11/2022;136;4;9;13;32;33;44
10/11/2022;135;6;17;20;32;35;52
08/11/2022;134;3;8;11;12;39;49
06/11/2022;133;19;25;27;30;37;60
03/11/2022;132;4;7;14;38;49;55
01/11/2022;131;11;16;26;27;33;38
30/10/2022;130;7;9;10;16;25;26
27/10/2022;129;16;21;42;44;47;51
25/10/2022;128;11;33;48;49;50;52
23/10/2022;127;7;14;18;35;40;56
20/10/2022;126;7;16;22;54;55;58
18/10/2022;125;3;9;13;15;34;55
16/10/2022;124;1;10;16;31;45;57
13/10/2022;123;1;9;13;14;32;46
11/10/2022;122;6;11;35;39;40;48
09/10/2022;121;4;8;31;44;48;59
06/10/2022;120;8;14;25;40;55;60
04/10/2022;119;9;12;21;42;46;48
02/10/2022;118;3;9;28;29;43;58
29/09/2022;117;13;17;27;44;45;57
27/09/2022;116;13;14;26;28;36;60
25/09/2022;115;11;13;20;40;44;46
22/09/2022;114;4;10;13;17;30;48
20/09/2022;113;3;4;10;20;34;55
18/09/2022;112;6;18;19;43;50;51
15/09/2022;111;3;17;18;20;26;44
13/09/2022;110;15;21;24;38;50;58
11/09/2022;109;17;24;27;47;48;54
08/09/2022;108;9;22;24;34;38;59
06/09/2022;107;15;19;23;26;45;55
04/09/2022;106;8;16;17;19;25;31
01/09/2022;105;2;28;29;42;46;58
30/08/2022;104;11;27;33;43;47;57
28/08/2022;103;2;10;15;23;27;43
25/08/2022;102;4;10;16;35;42;50
23/08/2022;101;9;11;21;29;34;52
21/08/2022;100;3;24;26;41;52;57
18/08/2022;99;6;9;12;30;38;54
16/08/2022;98;12;17;22;41;45;46
14/08/2022;97;5;12;29;39;43;56
11/08/2022;96;5;13;14;19;20;56
09/08/2022;95;7;39;48;49;57;58
07/08/2022;94;2;19;22;35;41;42
04/08/2022;93;4;16;19;39;54;56
02/08/2022;92;13;20;28;42;49;57
31/07/2022;91;9;19;22;23;42;44
28/07/2022;90;4;8;23;54;57;60
26/07/2022;89;7;29;32;37;44;50
24/07/2022;88;3;5;40;51;56;57
21/07/2022;87;17;19;25;28;48;50
19/07/2022;86;14;21;25;31;34;43
17/07/2022;85;9;15;24;35;36;59
14/07/2022;84;3;20;26;29;31;59
12/07/2022;83;2;18;19;25;42;57
10/07/2022;82;7;26;36;52;54;58
07/07/2022;81;2;7;19;37;49;53
05/07/2022;80;9;19;29;30;50;52
03/07/2022;79;3;19;25;33;45;50
30/06/2022;78;5;19;28;31;35;49
28/06/2022;77;19;36;42;49;54;55
26/06/2022;76;11;17;36;42;47;57
23/06/2022;75;8;12;23;25;38;42
21/06/2022;74;8;9;23;27;52;59
19/06/2022;73;5;7;30;33;50;53
16/06/2022;72;5;7;24;29;52;57
14/06/2022;71;13;14;15;37;38;45
12/06/2022;70;4;14;27;31;48;58
09/06/2022;69;2;5;6;8;47;55
07/06/2022;68;15;20;21;34;42;57
05/06/2022;67;3;14;22;29;40;41
02/06/2022;66;33;35;37;41;46;58
31/05/2022;65;9;14;18;20;23;56
29/05/2022;64;29;36;38;46;47;51
26/05/2022;63;2;9;11;20;39;46
24/05/2022;62;16;22;40;46;47;60
22/05/2022;61;7;22;26;28;38;48
19/05/2022;60;23;25;31;34;50;59
17/05/2022;59;7;17;34;44;49;57
15/05/2022;58;2;10;37;38;39;48
12/05/2022;57;25;26;38;39;42;47
10/05/2022;56;31;35;51;52;55;57
08/05/2022;55;13;25;40;44;51;59
05/05/2022;54;2;8;16;26;46;57
03/05/2022;53;15;32;33;39;46;49
01/05/2022;52;15;22;33;39;54;55
28/04/2022;51;1;11;16;18;26;36
26/04/2022;50;7;16;31;34;38;42
24/04/2022;49;20;22;26;30;40;55
21/04/2022;48;5;7;15;16;45;58
19/04/2022;47;1;13;25;28;36;59
17/04/2022;46;7;11;26;28;40;57
14/04/2022;45;1;13;19;44;49;51
12/04/2022;44;10;36;37;54;56;57
10/04/2022;43;17;31;35;43;45;49
07/04/2022;42;11;12;30;44;48;49
05/04/2022;41;5;18;24;41;47;60
03/04/2022;40;7;8;10;14;34;40
31/03/2022;39;13;16;21;45;54;60
29/03/2022;38;22;30;33;43;44;48
27/03/2022;37;18;38;42;47;48;55
24/03/2022;36;3;11;15;17;38;54
22/03/2022;35;11;12;25;29;34;51
20/03/2022;34;1;26;29;30;39;54
17/03/2022;33;9;23;26;27;30;41
15/03/2022;32;6;23;25;45;51;58
13/03/2022;31;6;25;38;40;52;59
10/03/2022;30;19;37;39;47;52;55
08/03/2022;29;2;7;19;21;40;58
06/03/2022;28;9;15;16;28;43;58
03/03/2022;27;1;3;4;43;55;58
01/03/2022;26;5;9;10;16;31;47
27/02/2022;25;2;6;18;27;30;38
24/02/2022;24;11;31;32;41;44;58
22/02/2022;23;17;28;40;50;52;56
20/02/2022;22;11;26;30;36;38;55
15/02/2022;20;9;13;22;35;37;59
13/02/2022;19;14;19;38;47;52;53
10/02/2022;18;21;25;42;45;54;56
08/02/2022;17;26;28;35;40;48;57
06/02/2022;16;3;4;10;37;40;52
03/02/2022;15;14;16;19;37;43;53
01/02/2022;14;2;4;15;17;29;35
30/01/2022;13;4;13;15;36;37;57
27/01/2022;12;6;13;44;47;49;58
25/01/2022;11;11;13;25;31;38;56
23/01/2022;10;9;18;28;37;59;60
20/01/2022;9;3;8;10;44;52;55
18/01/2022;8;7;9;16;27;32;44
16/01/2022;7;1;6;16;36;50;59
13/01/2022;6;3;7;9;17;40;47
11/01/2022;5;9;12;16;17;35;59
09/01/2022;4;14;19;20;37;45;46
06/01/2022;3;7;11;22;25;33;53
04/01/2022;2;1;3;7;29;36;58
02/01/2022;1;41;43;46;47;48;51
17/02/2021;21;5;17;36;39;49;53
30/12/2021;156;6;11;33;35;47;58
28/12/2021;155;15;18;26;31;42;52
26/12/2021;154;12;15;35;39;40;51
23/12/2021;153;24;41;44;51;55;59
21/12/2021;152;9;21;31;36;37;53
19/12/2021;151;8;15;16;28;30;53
16/12/2021;150;24;44;48;55;57;58
14/12/2021;149;9;34;35;36;40;57
12/12/2021;148;17;19;37;51;55;59
09/12/2021;147;15;20;29;32;39;46
07/12/2021;146;20;27;29;32;44;48
05/12/2021;145;10;17;20;29;51;60
02/12/2021;144;12;23;27;40;49;55
30/11/2021;143;24;27;43;45;51;53
28/11/2021;142;21;24;41;48;49;54
25/11/2021;141;16;28;29;33;40;49
23/11/2021;140;7;14;27;39;46;58
21/11/2021;139;9;28;30;33;44;46
18/11/2021;138;9;19;20;42;54;59
16/11/2021;137;5;13;20;37;55;60
14/11/2021;136;13;26;28;33;47;58
11/11/2021;135;3;6;9;21;39;49
09/11/2021;134;1;5;7;12;29;37
07/11/2021;133;4;22;28;37;39;56
04/11/2021;132;3;18;37;44;56;60
02/11/2021;131;5;14;34;37;49;51
31/10/2021;130;5;32;34;44;48;50
28/10/2021;129;22;28;53;54;58;59
26/10/2021;128;1;8;22;30;36;56
24/10/2021;127;6;17;23;31;47;55
21/10/2021;126;23;25;34;35;36;55
19/10/2021;125;16;19;26;31;35;36
17/10/2021;124;8;37;42;43;56;57
14/10/2021;123;3;8;20;23;43;48
12/10/2021;122;9;15;17;18;32;43
10/10/2021;121;3;18;32;33;47;58
07/09/2021;120;7;17;23;41;44;47
05/10/2021;119;9;18;25;36;41;59
03/10/2021;118;7;19;24;27;47;58
30/09/2021;117;8;10;28;39;49;60
28/09/2021;116;15;26;27;37;51;58
26/09/2021;115;7;13;22;26;44;56
23/09/2021;114;3;15;20;45;56;58
21/09/2021;113;13;15;26;30;48;59
19/09/2021;112;5;17;27;38;47;52
16/09/2021;111;14;16;20;29;36;38
14/09/2021;110;7;14;18;31;43;47
12/09/2021;109;1;10;17;22;50;58
10/09/2021;108;11;18;26;34;42;60
07/09/2021;107;18;25;42;45;54;60
05/09/2021;106;5;16;36;37;50;51
02/09/2021;105;16;19;31;43;58;60
31/08/2021;104;5;21;35;36;55;57
29/08/2021;103;6;27;37;49;52;53
26/08/2021;102;2;22;26;37;44;49
24/08/2021;101;21;30;32;43;50;58
22/08/2021;100;34;46;48;50;52;56
19/08/2021;99;1;27;28;47;53;59
17/08/2021;98;5;8;21;31;57;60
15/08/2021;97;9;10;24;26;32;46
12/08/2021;96;5;25;26;27;45;52
10/08/2021;95;3;11;30;38;45;56
08/08/2021;94;3;9;21;27;42;60
05/08/2021;93;7;10;14;27;37;50
03/08/2021;92;7;16;22;24;49;56
01/08/2021;91;31;33;37;43;45;51
29/07/2021;90;6;10;20;21;24;45
27/07/2021;89;12;16;24;43;53;60
25/07/2021;88;4;18;26;27;30;56
22/07/2021;87;11;36;41;49;52;53
20/07/2021;86;11;20;30;40;44;52
18/07/2021;85;3;9;24;39;51;56
15/07/2021;84;7;9;14;21;38;47
13/07/2021;83;20;25;29;36;50;55
11/07/2021;82;9;15;22;42;58;59
08/07/2021;81;4;7;10;19;47;55
06/07/2021;80;21;22;28;47;48;54
04/07/2021;79;7;14;22;36;54;60
01/07/2021;78;7;16;26;31;38;55
29/06/2021;77;5;13;14;17;34;48
27/06/2021;76;3;8;39;44;52;58
24/06/2021;75;4;14;17;23;51;60
22/06/2021;74;19;20;27;28;48;50
20/06/2021;73;5;6;9;12;38;44
17/06/2021;72;1;13;37;39;48;58
15/06/2021;71;1;9;25;27;39;55
13/06/2021;70;11;12;14;41;50;54
10/06/2021;69;10;18;28;32;42;47
08/06/2021;68;8;24;39;53;57;59
06/06/2021;67;4;16;29;32;34;46
03/06/2021;66;5;24;43;50;54;58
01/06/2021;65;8;9;20;27;31;55
30/05/2021;64;20;25;35;45;46;47
27/05/2021;63;12;27;36;40;47;53
25/05/2021;62;16;23;24;35;37;57
23/05/2021;61;10;29;35;44;47;59
20/05/2021;60;1;22;25;35;41;43
18/05/2021;59;20;28;40;43;52;55
16/05/2021;58;1;3;4;5;28;58
13/05/2021;57;2;7;13;20;24;32
11/05/2021;56;9;21;28;40;50;59
09/05/2021;55;7;29;48;53;56;58
06/05/2021;54;5;12;37;42;44;60
04/05/2021;53;2;27;36;38;40;56
02/05/2021;52;10;39;44;57;58;59
29/04/2021;51;16;30;35;36;46;59
27/04/2021;50;12;16;31;33;36;59
25/04/2021;49;5;11;18;40;47;59
22/04/2021;48;34;37;41;46;56;58
20/04/2021;47;2;16;18;39;45;50
18/04/2021;46;3;7;12;23;49;59
15/04/2021;45;4;9;37;43;45;54
13/04/2021;44;10;39;44;46;48;49
11/04/2021;43;19;31;38;40;53;60
08/04/2021;42;11;14;27;35;48;58
06/04/2021;41;7;32;35;50;52;55
04/04/2021;40;2;15;42;44;48;56
01/04/2021;39;5;22;24;48;50;52
30/03/2021;38;5;21;22;24;44;55
28/03/2021;37;2;3;33;44;50;54
25/03/2021;36;4;6;11;31;42;46
23/03/2021;35;10;18;24;30;32;46
21/03/2021;34;4;6;39;42;43;45
18/03/2021;33;3;9;21;22;48;53
16/03/2021;32;13;21;32;45;57;58
14/03/2021;31;5;22;31;37;38;44
11/03/2021;30;13;30;36;40;43;49
09/03/2021;29;23;32;35;38;41;47
07/03/2021;28;10;17;28;35;42;59
04/03/2021;27;14;19;23;29;39;59
02/03/2021;26;13;35;41;42;48;58
28/02/2021;25;1;9;11;56;59;60
25/02/2021;24;8;11;22;37;40;60
23/02/2021;23;15;17;36;45;52;60
21/02/2021;22;1;10;19;29;49;55
18/02/2021;21;8;16;26;28;44;52
16/02/2021;20;1;8;12;40;52;56
14/02/2021;19;12;23;43;45;48;49
11/02/2021;18;6;15;20;25;54;59
09/02/2021;17;18;25;30;36;44;53
07/02/2021;16;18;26;38;53;57;59
04/02/2021;15;17;40;41;52;57;59
02/02/2021;14;1;9;11;12;23;40
30/01/2021;13;1;7;36;44;46;59
28/01/2021;12;20;22;24;38;45;53
26/01/2021;11;11;25;33;38;51;56
24/01/2021;10;9;11;13;26;29;32
21/01/2021;9;22;29;39;46;48;60
19/01/2021;8;8;11;15;23;25;42
17/01/2021;7;1;5;7;8;15;16
14/01/2021;6;15;22;38;41;45;51
12/01/2021;5;21;27;32;51;54;55
10/01/2021;4;10;24;27;33;35;40
07/01/2021;3;19;23;24;28;30;57
05/01/2021;2;2;9;14;35;39;49
03/01/2021;1;8;14;15;20;27;37
31/12/2020;66;4;18;23;26;36;56
29/12/2020;65;10;32;34;41;49;54
27/12/2020;64;9;20;24;26;28;52
24/12/2020;63;5;24;26;28;29;37
22/12/2020;62;2;7;20;29;37;41
20/12/2020;61;30;34;41;49;55;59
17/12/2020;60;3;5;31;38;41;58
15/12/2020;59;15;23;24;38;45;46
13/12/2020;58;8;26;28;36;38;42
10/12/2020;57;3;10;12;29;32;51
08/12/2020;56;5;9;13;14;20;53
06/12/2020;55;19;26;27;31;32;39
03/12/2020;54;2;12;19;29;42;60
01/12/2020;53;13;20;33;41;42;57
29/11/2020;52;3;7;36;49;50;52
16/11/2020;51;10;11;35;46;49;56
24/11/2020;50;13;16;36;38;43;48
22/11/2020;49;6;15;22;24;37;44
19/11/2020;48;6;10;29;53;54;55
17/11/2020;47;5;18;24;28;42;51
15/11/2020;46;2;7;14;21;25;42
12/11/2020;45;2;20;41;42;58;60
10/11/2020;44;10;14;20;35;48;60
08/11/2020;43;3;19;39;41;47;53
05/11/2020;42;10;23;39;40;54;56
03/11/2020;41;10;11;12;21;25;49
01/11/2020;40;23;29;37;38;42;43
29/10/2020;39;14;33;40;48;49;60
27/10/2020;38;21;26;31;35;50;58
25/10/2020;37;1;30;38;42;47;52
22/10/2020;36;2;4;15;28;36;52
20/10/2020;35;6;16;30;36;46;58
18/10/2020;34;1;13;18;23;36;53
15/10/2020;33;1;30;31;42;47;59
13/10/2020;32;11;16;22;31;37;52
11/10/2020;31;11;29;38;39;41;57
08/10/2020;30;1;10;21;25;42;48
06/10/2020;29;1;4;20;21;25;29
04/10/2020;28;16;23;29;40;46;51
01/10/2020;27;4;10;33;39;51;54
29/09/2020;26;1;14;20;31;46;50
27/09/2020;25;5;7;8;35;37;44
24/09/2020;24;3;14;20;21;40;55
22/09/2020;23;3;8;33;37;38;44
20/09/2020;22;3;4;7;10;44;47
17/09/2020;21;7;19;37;45;48;53
15/09/2020;20;7;8;24;33;45;46
13/09/2020;19;5;11;26;40;51;53
10/09/2020;18;6;17;26;27;40;48
08/08/2020;17;23;27;30;36;49;54
06/09/2020;16;12;16;28;31;37;43
03/09/2020;15;5;8;10;11;24;31
01/09/2020;14;21;22;28;32;47;50
30/08/2020;13;5;8;19;20;23;43
27/08/2020;12;6;10;31;43;52;59
25/08/2020;11;3;5;6;10;48;60
23/08/2020;10;13;16;35;37;54;56
20/08/2020;9;1;16;21;25;27;33
18/08/2020;8;10;15;17;24;26;32
16/08/2020;7;2;6;17;37;50;53
13/08/2020;6;13;26;29;33;35;50
11/08/2020;5;1;9;14;40;48;58
09/08/2020;4;4;6;14;22;38;58
06/08/2020;3;9;20;21;25;38;53
04/08/2020;2;17;19;32;37;41;54
02/08/2020;1;9;16;18;44;47;51
08/10/2026;121;11;16;21;36;39;58